time_s,north_m,east_m,body_yaw_rad,vx_mps,vy_mps,speed_mps,controller_state,target_speed_mps,speed_error_mps,desired_heading_rad,heading_error_rad,cross_track_error_m,lookahead_distance_m,planner_speed_limit_mps,planner_upcoming_curvature_1pm,planner_distance_to_turn_m,planner_turn_severity,left_thrust,right_thrust,active_waypoint_number
0.0,161.88422784328736,-531.9005551581812,0.5707963373574173,0.0011830311747862412,-0.003131559654871218,0.00334757055676699,TRACK,nan,nan,nan,nan,nan,nan,nan,nan,nan,UNKNOWN,nan,nan,-1
0.1,161.8841540002996,-531.8998731242126,0.5698821404598664,0.0003453825784354117,0.0034460068537963953,0.003463271915674313,TRACK,2.0,1.9972674445616225,2.8457315871143558e-05,-0.5707679900860868,-0.00011383527191810572,3.9594684784945064,2.0,0.0,20.0,STRAIGHT,-124.3677693322216,305.6677440613961,2
0.2,161.8897649655432,-531.8912170261557,0.563074146832789,0.022850615152225986,0.03587958295632873,0.04253816034991658,TRACK,2.0,1.976730409964622,-0.0007974705685443101,-0.5683907351115158,0.003188977786635405,3.9594684784945064,2.0,0.0,20.0,STRAIGHT,-150.13446152331494,649.8655384766851,2
0.30000000000000004,161.90985460958876,-531.8667496020213,0.5468595315462887,0.13449164277740966,0.16809379819554562,0.21527546764267216,TRACK,2.0,1.8655756464701432,-0.004816993414365381,-0.5612158874950455,0.019203669478315533,3.9594684784945064,2.0,0.0,20.0,STRAIGHT,-205.66962954305058,594.3303704569494,2
0.4,161.93971308163944,-531.8311185564818,0.5227116216111505,0.2301837188175851,0.27808613550229766,0.3609936885421895,TRACK,2.0,1.7032121294906093,-0.012682614277931737,-0.5485744614105481,0.05023277673740267,3.9594684784945064,2.0,0.0,20.0,STRAIGHT,-139.85337328526776,245.84305426711643,2
0.5,161.96801295616754,-531.795010927483,0.4959566810140281,0.25951772243921134,0.3255314086203448,0.41631736242724904,TRACK,2.0,1.6007555983955748,-0.019631418788257665,-0.5297039919511394,0.08698589867901774,3.9594684784945064,2.0,0.0,20.0,STRAIGHT,-117.96057305846793,237.55276048452114,3
0.6000000000000001,161.9918428086899,-531.7602684265374,0.4672148777798939,0.24654229793888638,0.338387090121777,0.4186752051818572,TRACK,2.0,1.5812041514920196,-0.027712551337536116,-0.5103449898874372,0.12208989687496796,3.9594684784945064,2.0,0.0,20.0,STRAIGHT,-187.8008641112876,612.1991358887124,3
0.7000000000000001,162.0165321519245,-531.7211156351086,0.4326368643166482,0.24763272246409787,0.37050906645629295,0.44564440259167915,TRACK,2.0,1.5722495154877674,-0.03612566758445065,-0.48741027409655363,0.158336123102913,3.9594684784945064,2.0,0.0,20.0,STRAIGHT,-180.821599340501,619.178400659499,3
0.8,162.0503316823197,-531.6734112000447,0.39265608156574494,0.30331899519408256,0.4345777409768923,0.5299624758396831,TRACK,2.0,1.5206535167228095,-0.04614756943643889,-0.46015266441593206,0.2010355448808241,3.9594684784945064,2.0,0.0,20.0,STRAIGHT,-205.68204492508255,594.3179550749174,3
0.9,162.1005915165042,-531.6155969532095,0.3490943017241275,0.42287480003302313,0.5192976661383502,0.6696963211484043,TRACK,2.0,1.4034296688468295,-0.05882759549536076,-0.43060155156868496,0.253960938889918,3.9594684784945064,2.0,0.0,20.0,STRAIGHT,18.498895276237334,280.5001021427764,3
1.0,162.1654880780278,-531.5532273731557,0.30779682997445046,0.5560131645730408,0.5802196707142449,0.8036202495347378,TRACK,2.0,1.2590318354198702,-0.07381195756364543,-0.4060528189889073,0.3145539621697253,3.9594684784945064,2.0,0.0,20.0,STRAIGHT,-11.77857595578432,251.6456874248451,3
1.1,162.236377896502,-531.4912910060316,0.2691453009032929,0.644928798494959,0.602095680422952,0.8822994749585478,TRACK,2.0,1.1487318396414186,-0.08993442167778438,-0.37883865972166286,0.37739948018986524,3.9594684784945064,2.0,0.0,20.0,STRAIGHT,6.043067560988902,243.52736797182348,3
1.2000000000000002,162.30778639184422,-531.4324713332635,0.23277311469639406,0.684718927863311,0.5933112563285105,0.9060122830626511,TRACK,2.0,1.1008503005858106,-0.10604287608313098,-0.3575269472330215,0.4378539604241496,3.9594684784945064,2.0,0.0,20.0,STRAIGHT,29.576916413846206,273.4541598352511,3
1.3,162.37932339102244,-531.3755539376214,0.19749120723580815,0.7026730510008552,0.5795915920223664,0.9108654292187577,TRACK,2.0,1.0925405590567387,-0.1219150310177037,-0.3378708138779092,0.4952696742624312,3.9594684784945064,2.0,0.0,20.0,STRAIGHT,-161.47023159814015,505.48168394382753,3
1.4000000000000001,162.4541979153697,-531.3162978927774,0.15916693108931046,0.7306498681561927,0.5877357998361953,0.9377006986484301,TRACK,2.0,1.0791868832804536,-0.13843726703483292,-0.31788479478654513,0.5530911251756834,3.9594684784945064,2.0,0.0,20.0,STRAIGHT,-143.15946900343505,482.7423256785166,3
1.5,162.5354624296812,-531.2542782617752,0.11825306222314326,0.7796596865072736,0.6069930762984007,0.988083914168638,TRACK,2.0,1.0386960255916349,-0.15641034839063986,-0.29615535215387245,0.6137456893757189,3.9594684784945064,2.0,0.0,20.0,STRAIGHT,-136.3727522272302,442.6166377166485,3
1.6,162.6223883150187,-531.1915626079831,0.07657235743308011,0.8325751123438458,0.6180318635900608,1.0368918468707191,TRACK,2.0,0.984817245251228,-0.17587381171110913,-0.2738568827594534,0.6766603552384822,3.9594684784945064,2.0,0.0,20.0,STRAIGHT,47.29817819503111,235.566804289053,3
1.7000000000000002,162.7128600899142,-531.1310492889468,0.03762573020671889,0.8749262561758944,0.6103744645735553,1.0667956415121975,TRACK,2.0,0.9469646652758734,-0.19593679433887223,-0.2536286909773654,0.7381194109569833,3.9594684784945064,2.0,0.0,20.0,STRAIGHT,-101.25310451266671,393.7520504060046,3
1.8,162.80637896350592,-531.0716872324881,-0.001492482037028564,0.9106132857502562,0.599977636176494,1.0904997570365669,TRACK,2.0,0.9203322210560838,-0.21665708242022907,-0.23547462467238855,0.7983377774113478,3.9594684784945064,2.0,0.0,20.0,STRAIGHT,61.4563462900709,238.7000740545215,3
1.9000000000000001,162.90566099759604,-531.0143128678912,-0.040554237020930195,0.9606904591134198,0.5844781418251944,1.124518055214315,TRACK,2.0,1.283470169741452,-0.23795040270040616,-0.21793309172334455,0.8565588732654987,3.9594684784945064,2.0,0.0,20.0,STRAIGHT,177.95615318257234,604.770495276422,3
2.0,163.01943397363155,-530.9590535810681,-0.0792752763896869,0.9888420031486497,0.515449227710208,1.1151217034647312,TRACK,2.0,1.2427689270602311,-0.26051477681089913,-0.20098338741983907,0.9131113062554732,3.9594684784945064,2.0,0.0,20.0,STRAIGHT,109.54295771123037,268.44486384609513,4
2.1,163.13882991038648,-530.9063368296959,-0.11506939527941884,1.056867814972104,0.49439274576856423,1.1667877979274937,TRACK,2.0,0.9073002537729811,-0.28440754818583613,-0.1877293766396293,0.966909757739586,3.9594684784945064,2.0,0.0,20.0,STRAIGHT,-183.9832937863166,188.3716673631834,4
2.2,163.25358600276286,-530.855099164151,-0.1501231642579084,1.1292291135333525,0.5155722649114648,1.2413593964671388,TRACK,2.0,0.7586109896418565,-0.30928260551163045,-0.1772010053100641,1.0192169815326224,3.9594684784945064,2.0,0.0,20.0,STRAIGHT,-5.779574144387368,159.43648100011686,4
2.3000000000000003,163.36397574052802,-530.807779065951,-0.18317476061241078,1.1142297203088023,0.4900447948737602,1.2172311902848603,TRACK,2.0,0.940267394999944,-0.3342263688283622,-0.16808428512051757,1.0686768087406335,3.9594684784945064,2.0,0.0,20.0,STRAIGHT,182.72218895937903,347.1441281484453,4
2.4000000000000004,163.47598523928818,-530.7648612296211,-0.21400353297413277,1.1200289831626538,0.4556947167025802,1.2091826156354601,TRACK,2.0,0.7836303500147603,-0.31087117853424967,-0.11250498355522115,1.113748770455686,3.9594684784945064,2.0,0.0,20.0,STRAIGHT,2.460192264014296,153.47717956036013,5
2.5,163.58795427633126,-530.7243325958985,-0.24291592817016092,1.1025630863310907,0.416730490022966,1.178689806800212,TRACK,2.0,1.2225293349993875,-0.33165669541285203,-0.10371521462623823,1.1555091813993386,3.9594684784945064,2.0,0.0,20.0,STRAIGHT,368.5630700430706,487.84583505996903,5
2.6,163.7119331455175,-530.6884994498167,-0.2703098317460768,0.7693080250317226,0.2485503423322202,0.8084628068449862,TRACK,2.0,0.7747993710961671,-0.3532300542782171,-0.09701119736483055,1.193709597463112,3.9594684784945064,2.0,0.0,20.0,STRAIGHT,-60.95959412324521,99.01362046329828,5
2.7,163.83753125240142,-530.6563121232623,-0.2959506553161179,0.9671892626082057,0.2610227267097885,1.0017923605037211,TRACK,2.0,1.2210653962537117,-0.3758863325428325,-0.09287642994687823,1.2285128030149508,3.9594684784945064,2.0,0.0,20.0,STRAIGHT,367.6443387761704,495.66723961601934,5
2.8000000000000003,163.97369084535796,-530.6318567726729,-0.3198979028073887,1.206734778331222,0.2547738053680777,1.233336335772134,TRACK,2.0,0.9181317140921963,-0.34632992186593753,-0.038782934036970584,1.2565134694093558,3.9594684784945064,2.0,0.0,20.0,STRAIGHT,60.84391018079174,24.384779430166716,6
2.9000000000000004,164.10621859274582,-530.6106412783778,-0.34124938330373644,1.2692426908368297,0.22773289429600532,1.2895112560141349,TRACK,2.0,0.7520968953294318,-0.3651213832236054,-0.03464769731319245,1.2791501577671625,3.9594684784945064,2.0,0.0,20.0,STRAIGHT,26.68476712450574,111.90733287618052,6
3.0,164.23403878079847,-530.591445187552,-0.3605917889673189,1.2678993575396837,0.20472614929469557,1.2843214461553527,TRACK,2.0,0.7145694916135739,-0.38396805851936694,-0.033104345821045544,1.2994176914920672,3.9594684784945064,2.0,0.0,20.0,STRAIGHT,81.54427233753117,174.38917574592801,6
3.1,164.3588918036437,-530.5740473387651,-0.3785334800382303,1.2560517504072823,0.1866042408649638,1.2698374472388139,TRACK,2.0,0.7163910921485923,-0.4030718786704448,-0.033761463538207304,1.3176201118949393,3.9594684784945064,2.0,0.0,20.0,STRAIGHT,97.2193013326766,198.04780622665106,6
3.2,164.4809393714836,-530.5585109337859,-0.39550546792474073,1.2357471312271315,0.16821918002896927,1.2471442037173184,TRACK,2.0,0.7394165475610475,-0.3674330925378116,0.019492251687052764,1.3342682795240535,3.9594684784945064,2.0,0.0,20.0,STRAIGHT,218.4692973050073,103.6295156773788,7
3.3000000000000003,164.60018832329726,-530.5462500733221,-0.4101334936587415,1.2104192700022747,0.14127631366470458,1.2186360432859056,TRACK,2.0,0.7676085918165643,-0.3830548487634811,0.019552078001482343,1.3482374912449586,3.9594684784945064,2.0,0.0,20.0,STRAIGHT,181.9923625615317,152.41794478486673,7
3.4000000000000004,164.7180600889787,-530.537645812589,-0.42272952526518837,1.1919488586771132,0.10827547267130963,1.196856574399735,TRACK,2.0,0.7935829015405658,-0.39853613826992473,0.018044085526582987,1.3589650586089874,3.9594684784945064,2.0,0.0,20.0,STRAIGHT,181.42673134139721,157.4340039494295,7
3.5,164.83807147932467,-530.5335529774196,-0.4334828575316987,0.9636182800152995,0.04825913428600468,0.9648259602755715,TRACK,2.0,1.2255091192218233,-0.41380149153001355,0.014182200273259171,1.3655680862634654,3.9594684784945064,2.0,0.0,20.0,STRAIGHT,387.6268354060186,462.6564165059873,7
3.6,164.96923780181407,-530.5364859748497,-0.4437770419777052,1.1662567131156947,0.002292452946310289,1.166258966194016,TRACK,2.0,0.9202402081847953,-0.3736904882396506,0.06490473816947889,1.3661521914140167,3.9594684784945064,2.0,0.0,20.0,STRAIGHT,93.2104615823434,-49.159684044967676,8
3.7,165.0989192883354,-530.5420533821075,-0.4513738729471104,1.2409124997897123,-0.0317807814759967,1.2413193989483842,TRACK,2.0,0.7851979039528512,-0.3858210776110714,0.062038674680303385,1.3616740841227966,3.9594684784945064,2.0,0.0,20.0,STRAIGHT,71.30357905298055,106.36530117103612,8
3.8000000000000003,165.22602351855423,-530.5499764334069,-0.4604404982408852,1.257594500367864,-0.05977921454758427,1.259014488338964,TRACK,2.0,0.7450555012086966,-0.39786634735231796,0.058617153968545,1.3549741948338578,3.9594684784945064,2.0,0.0,20.0,STRAIGHT,111.0943132043927,150.05069575455363,8
3.9000000000000004,165.35001589291844,-530.5589296961547,-0.46806162809181684,1.246521154461934,-0.07687618991583496,1.2488894815383338,TRACK,2.0,0.743437766795892,-0.4098911967943683,0.05412526027116554,1.346213607017944,3.9594684784945064,2.0,0.0,20.0,STRAIGHT,196.05449490065945,102.73055531256449,8
4.0,165.47090539528878,-530.5693441947299,-0.4738357227689529,1.2248481555875443,-0.09369286022271876,1.2284263739854022,TRACK,2.0,1.1966620076472156,-0.3672036635412765,0.10414322382361896,1.337139137657232,3.9594684784945064,2.0,0.0,20.0,STRAIGHT,517.7602076677416,346.1851153458532,9
4.1000000000000005,165.59595714861211,-530.5848875093105,-0.4774373280720497,1.2396362333953856,-0.1294233882838623,1.2463741029809527,TRACK,2.0,0.7606857025592928,-0.3759830098367643,0.09949303285236616,1.3237638948787662,3.9594684784945064,2.0,0.0,20.0,STRAIGHT,-5.211431354138111,5.211431354138111,9
4.2,165.71498351778666,-530.5998796647947,-0.4809928503464147,1.209978732852612,-0.14181880120128126,1.2182615098285676,TRACK,2.0,0.7660924782750744,-0.38489795421749345,0.09431129613596229,1.3087273346628763,3.9594684784945064,2.0,0.0,20.0,STRAIGHT,243.1525455184085,68.36343337799963,9
4.300000000000001,165.8344685326334,-530.6190321400863,-0.48291992766579916,0.9534469763191958,-0.14205789726499526,0.9639717749122996,TRACK,2.0,1.2144162755754127,-0.3934694432382836,0.08851501487608437,1.2921529275595276,3.9594684784945064,2.0,0.0,20.0,STRAIGHT,421.3846173899317,442.25954355377723,9
4.4,165.96404655428123,-530.6446779940414,-0.48455524877397815,1.1002553220254703,-0.202610606445702,1.118755036408626,TRACK,2.0,0.9165638948768242,-0.3490603044864325,0.13480305705288498,1.2695974535218966,3.9594684784945064,2.0,0.0,20.0,STRAIGHT,195.4895349618738,-145.05285357173307,10
4.5,166.14947739559764,-530.6852776272762,-0.4819790156782102,1.2215913570494816,-0.2576691443455362,1.2484705969968837,TRACK,2.0,1.1659338759994713,-0.35701510202342607,0.12585136587617035,1.2287003022241834,3.9594684784945064,2.0,0.0,20.0,STRAIGHT,703.446438148771,-13.832397669250952,10
4.6000000000000005,166.21398736078035,-530.7006592435188,-0.48037187087023714,1.2282360708119293,-0.27101505314993235,1.2577809843837628,TRACK,2.0,0.9740846293451086,-0.3593687577765893,0.12243719108461065,1.2152533296313095,3.9594684784945064,2.0,0.0,20.0,STRAIGHT,258.70500712969806,255.66886150865915,10
4.7,166.3384054031719,-530.7312436061402,-0.477921920001525,1.1766199771862915,-0.27833140111505317,1.2090917829348349,TRACK,2.0,0.7302830700591398,-0.3640172290650702,0.11508297506815018,1.1849295600494543,3.9594684784945064,2.0,0.0,20.0,STRAIGHT,135.3460085617237,-79.14716620189752,10
4.800000000000001,166.455257918797,-530.7607505091145,-0.4734627279804351,1.1703620997552289,-0.28836125488768516,1.2053628739362552,TRACK,2.0,0.7869761612346062,-0.31976669347948555,0.1564815936788546,1.155306779312923,3.9594684784945064,2.0,0.0,20.0,STRAIGHT,372.5879636493985,-5.07321482366558,11
4.9,166.56821131775604,-530.7925290548826,-0.4657095025559763,1.1560187343511368,-0.3077957526405759,1.1962932497988872,TRACK,2.0,0.7879317714764087,-0.3217213769094078,0.148108806064291,1.1246954072878452,3.9594684784945064,2.0,0.0,20.0,STRAIGHT,167.18054087956017,145.522510368707,11
5.0,166.6804605695389,-530.8248517818272,-0.45824759713877494,1.1376956037323518,-0.31725247707967225,1.1811013593104989,TRACK,2.0,1.2312880714689958,-0.32318286001395635,0.1388578791879993,1.092760711122878,3.9594684784945064,2.0,0.0,20.0,STRAIGHT,438.03254575410494,425.0185908772454,11
5.1000000000000005,166.8016642903532,-530.8617432960423,-0.45110796042597734,1.086623736351293,-0.32220562686099596,1.1333876699448127,TRACK,2.0,1.217060848800815,-0.3245089132244212,0.1303737124555866,1.0584595765782296,3.9594684784945064,2.0,0.0,20.0,STRAIGHT,326.03089180210804,81.39362916856643,11
5.2,166.92645397368716,-530.9025550608739,-0.44226483743768474,1.1807362163537052,-0.3728959805142234,1.2382202650954022,TRACK,2.0,1.2836161014232805,-0.3253207518822006,0.12175412742067987,1.0197384762234378,3.9594684784945064,2.0,0.0,20.0,STRAIGHT,365.5810929331561,138.65492851941778,11
5.300000000000001,167.0553610318653,-530.94831182935,-0.43160584445778927,1.2199703472711454,-0.4158785151039419,1.2889075170647188,TRACK,2.0,1.1675543499787011,-0.279984196114704,0.15742852326048845,0.9765233173633305,3.9594684784945064,2.0,0.0,20.0,STRAIGHT,235.874624801486,58.30271169176899,12
5.4,167.18351951287116,-530.9957576054974,-0.41976996157506075,0.736833003757699,-0.2669401178844787,0.7836963072279801,TRACK,2.0,0.6803003625245729,-0.27712484155463685,0.14878869779136322,0.9292551554310648,3.9594684784945064,2.0,0.0,20.0,STRAIGHT,141.2836352527829,-141.2836352527829,12
5.5,167.30547663949702,-531.0423899969296,-0.4060136859459995,1.0737618189784515,-0.4028239110557408,1.146835449057168,TRACK,2.0,0.9378367061605264,-0.23778055713683877,0.17566870903377163,0.882697596419689,3.9594684784945064,2.0,0.0,20.0,STRAIGHT,499.63907546461047,104.83504028435385,12
5.6000000000000005,167.4270700369544,-531.0908980071005,-0.3898333280414752,1.1547968277804146,-0.4498286453557899,1.2393149412616364,TRACK,2.0,0.8147551292801141,-0.23281225038123196,0.16550887217033242,0.8346069045039712,3.9594684784945064,2.0,0.0,20.0,STRAIGHT,117.13197069445599,79.90852235325198,12
5.7,167.54210294086772,-531.1359266430464,-0.374771795034748,1.1505805854826288,-0.4493014778792674,1.2351953293767115,TRACK,2.0,0.7626541589513423,-0.1992162994645449,0.183263136657697,0.7876217040620759,3.9594684784945064,2.0,0.0,20.0,STRAIGHT,198.67749771759435,55.154732846849754,13
5.800000000000001,167.65349877473648,-531.1797570886067,-0.36007288648549673,1.1281187411846292,-0.44266648874391346,1.2118603527093612,TRACK,2.0,1.2099738452599076,-0.19382373186506913,0.1737256699712122,0.7437313218906638,3.9594684784945064,2.0,0.0,20.0,STRAIGHT,454.90700658873436,406.60949004473434,13
5.9,167.77289626084803,-531.2273041246925,-0.3461248673369892,1.0723431220923603,-0.4252100103276586,1.1535698177317393,TRACK,2.0,1.1987029213771296,-0.1878322893216076,0.16554411130103538,0.6983628810265827,3.9594684784945064,2.0,0.0,20.0,STRAIGHT,226.82388201390913,178.82708349646165,13
6.0,167.89592329681798,-531.2770520443531,-0.3326912819240353,1.1097060294963215,-0.44591887068139197,1.1959477877943747,TRACK,2.0,0.8803506052061338,-0.18085550468471556,0.15891382068299253,0.6496408899452035,3.9594684784945064,2.0,0.0,20.0,STRAIGHT,376.7797514301643,69.07084136890538,13
6.1000000000000005,168.023858209488,-531.3299300935751,-0.31741642192113195,0.9823509058072853,-0.4028463926940592,1.0617431507888384,TRACK,2.0,1.1408400074364553,-0.1512151648548263,0.17437776027411653,0.5985003451743296,3.9594684784945064,2.0,0.0,20.0,STRAIGHT,517.161831095078,142.13262719181688,14
6.2,168.1582348031342,-531.3858339616411,-0.29957358567910797,1.2969767892889996,-0.5356317340941286,1.403228472674028,TRACK,2.0,0.6260830146316099,-0.1422743143437305,0.1667334542081177,0.5437529271874837,3.9594684784945064,2.0,0.0,20.0,STRAIGHT,161.24001083206835,-161.24001083206835,14
6.300000000000001,168.28771801661998,-531.4410511006021,-0.28025884654068656,1.0377680845815116,-0.4386621497430513,1.1266707944174175,TRACK,2.0,1.0862683561004605,-0.13250648880787944,0.15778041429215442,0.48832265776479744,3.9594684784945064,2.0,0.0,20.0,STRAIGHT,443.81758112229016,398.77855565295414,14
6.4,168.4214576335059,-531.4975522710868,-0.2620126400253953,1.3023994469369378,-0.5496303380507298,1.4136257736357953,TRACK,2.0,0.7579786092918861,-0.10678445896061918,0.16473201025378092,0.43221872457945665,3.9594684784945064,2.0,0.0,20.0,STRAIGHT,171.09935240166791,-171.09935240166791,15
6.5,168.54623846822915,-531.5526704376041,-0.24224135651280032,1.2304895688424486,-0.5344767535346475,1.3415550600325772,TRACK,2.0,1.0900695059323022,-0.0962091939710872,0.15650308248843586,0.37658441106816554,3.9594684784945064,2.0,0.0,20.0,STRAIGHT,509.1050761122498,207.93458749780405,15
6.6000000000000005,168.67120638705563,-531.6084190811081,-0.22098759898502363,1.1482173173344803,-0.5079673089037745,1.2555611473527417,TRACK,2.0,0.6455048681566147,-0.07486527336663974,0.15725305134861745,0.32084503769090134,3.9594684784945064,2.0,0.0,20.0,STRAIGHT,158.6530971433467,-158.6530971433467,16
6.7,168.7878347423604,-531.6620824643718,-0.19881813715305327,1.1571989128583364,-0.5243154949638825,1.2704393185743807,TRACK,2.0,0.6640973883257584,-0.06397111501057377,0.14629341413464075,0.26624962858045365,3.9594684784945064,2.0,0.0,20.0,STRAIGHT,166.72402142169705,131.73863531854715,16
6.800000000000001,168.90232989277533,-531.7144744550519,-0.17831307072308022,1.1695615144819729,-0.5321242161965014,1.2849242458682562,TRACK,2.0,0.7331960203820973,-0.05270473138948245,0.13619358326889935,0.21320205029599038,3.9594684784945064,2.0,0.0,20.0,STRAIGHT,311.5725984017563,54.44564407199482,16
6.9,169.0175952773656,-531.766778013199,-0.15792095668782147,1.159945042261101,-0.526703294477398,1.273926552623601,TRACK,2.0,0.7240720793796105,-0.03632370091881775,0.13204084805729321,0.16086429515792133,3.9594684784945064,2.0,0.0,20.0,STRAIGHT,167.64914908419337,118.77009492525764,16
7.0,169.13314292810614,-531.8178500532644,-0.13893529088711554,1.1569323431925236,-0.516978112487881,1.267185391139148,TRACK,2.0,0.7305598023091449,-0.025300249762004925,0.1233910184020297,0.10909909226018044,3.9594684784945064,2.0,0.0,20.0,STRAIGHT,268.52911267835646,34.96968975033741,17
7.1000000000000005,169.25045997171853,-531.868648696443,-0.11949607530296391,1.168016159557192,-0.5119513206786895,1.275286596703418,TRACK,2.0,1.1770884177404937,-0.013903017405486147,0.11575567772971108,0.05833467198658582,3.9594684784945064,2.0,0.0,20.0,STRAIGHT,536.014256827453,316.3127748571896,17
7.2,169.3768972301145,-531.9195830462675,-0.0999074907720221,1.2243834226622612,-0.5099465374644891,1.3263333807011626,TRACK,2.0,0.6958262723635891,-0.0017634257122182899,0.10825770279410232,0.007183285761243496,3.9594684784945064,2.0,0.0,20.0,STRAIGHT,11.504949606357195,-11.504949606357195,17
7.300000000000001,169.49803835777126,-531.9684396391181,-0.0820203597712652,0.9717974342036166,-0.39725928634222,1.049859606666464,TRACK,2.0,0.6761956597752321,0.009565138599723605,0.10071606135155106,-0.042552492035724754,3.9594684784945064,2.0,0.0,20.0,STRAIGHT,226.56234678575657,37.2377557772093,17
7.4,169.61841453945888,-532.016804863423,-0.064167540153359,1.1072446301775445,-0.44702220303498896,1.1940768488934295,TRACK,2.0,1.171985595595459,0.021060565900245402,0.09448094987138012,-0.09118878332776603,3.9594684784945064,2.0,0.0,20.0,STRAIGHT,539.2285053411274,360.4528929244898,18
7.500000000000001,169.74726347835292,-532.064118400682,-0.04615257214667334,1.2555508907235757,-0.47931539189374217,1.3439312795314409,TRACK,2.0,0.743080960228722,0.03312875764231305,0.08863760312923497,-0.13932639834001748,3.9594684784945064,2.0,0.0,20.0,STRAIGHT,83.7762880681873,-83.7762880681873,18
7.6000000000000005,169.8694369562019,-532.1096254670451,-0.028187324164992367,1.2160038740018306,-0.45765885385046146,1.2992755858920686,TRACK,2.0,0.6644360716404489,0.04545651814247487,0.08442779219158547,-0.18547858307169918,3.9594684784945064,2.0,0.0,20.0,STRAIGHT,182.08073770778248,20.41994394549772,18
7.7,169.98947731696737,-532.1543555789957,-0.010550123875055384,1.2159452465621001,-0.4546211265809581,1.2981537703102457,TRACK,2.0,1.1740398825774054,0.07783631926671662,0.09743950217191187,-0.2306906638715418,2.6837620020688737,2.0,0.0,20.0,STRAIGHT,499.9382765965729,413.91334124323066,18
7.800000000000001,170.1189062342844,-532.197111735834,0.0058925960914553155,1.154616696647857,-0.3972524435592546,1.2210443153677135,TRACK,2.0,0.6808781153243959,0.06333311839778177,0.06570255894925248,-0.27479286196080466,3.9594684784945064,2.0,0.0,20.0,STRAIGHT,-41.9470264619765,41.9470264619765,19
7.9,170.24328883691362,-532.2370287579258,0.01985545875232342,1.205228765877973,-0.3980794347469071,1.2692689291352557,TRACK,2.0,0.6711088532184672,0.07497611706799269,0.06215650021019149,-0.3158818330299482,3.9594684784945064,2.0,0.0,20.0,STRAIGHT,194.81954816565315,132.89427457198977,19
8.0,170.36671255349663,-532.2753088688099,0.032952220190508585,1.2410478398011469,-0.39608643929353754,1.3027218460083205,TRACK,2.0,0.7218942415879437,0.08678094551387346,0.06065397824058856,-0.3551046086151928,3.9594684784945064,2.0,0.0,20.0,STRAIGHT,231.35803913211873,113.6812490576059,19
8.1,170.48967200763565,-532.3116903540792,0.0459202664915066,1.2341040650478625,-0.3769404069239703,1.2903863428212758,TRACK,2.0,0.7160898723815643,0.09883313252070551,0.05959589183388818,-0.3924967473679999,3.9594684784945064,2.0,0.0,20.0,STRAIGHT,201.9763310629653,85.68102793313034,19
8.200000000000001,170.61243970198507,-532.3462678561918,0.05888458805224772,0.986000242825205,-0.2839212570055725,1.0260642080449875,TRACK,2.0,1.1704753140122675,0.11110680349631465,0.05892388142901152,-0.42799114393608306,3.9594684784945064,2.0,0.0,20.0,STRAIGHT,487.00312083563404,371.393856030361,19
8.3,170.7433985919655,-532.3787704801349,0.07187691316893252,0.7627848418190697,-0.19959558460574386,0.7884663038475721,TRACK,2.0,0.8626885572371252,0.12381686976606043,0.05960280213427026,-0.46163409005805534,3.9594684784945064,2.0,0.0,20.0,STRAIGHT,73.04319902716719,-46.19414926856786,19
8.4,170.87138455267868,-532.410538620274,0.08486372532921793,1.0268424226387929,-0.26040498751664004,1.0593470245647774,TRACK,2.0,1.3117243873286561,0.1369900347804129,0.05889832162023498,-0.49348845297720345,3.9594684784945064,2.0,0.0,20.0,STRAIGHT,502.435337094039,386.79165168299164,19
8.5,171.00914412471687,-532.4404354857951,0.09745522090947922,1.0111095618998749,-0.2274775424745861,1.0363824479870518,TRACK,2.0,1.2891230861005176,0.1321552585587081,0.041072445511198014,-0.5247393365343669,3.9594684784945064,2.0,0.0,20.0,STRAIGHT,182.11475693549656,235.4627652017252,20
8.600000000000001,171.14942348240726,-532.4668123581522,0.10831683472756871,1.008305797319432,-0.19706157623888115,1.0273820349498661,TRACK,2.0,1.1617142752090293,0.14421694958867903,0.041348834877846685,-0.5530096540719569,3.9594684784945064,2.0,0.0,20.0,STRAIGHT,200.6104259771952,194.0297775216671,20
8.700000000000001,171.29057560089348,-532.4899833591829,0.11819730636039183,1.2655752539616572,-0.22239485783902208,1.2849670020017447,TRACK,2.0,1.24062858366709,0.1562621356970449,0.04311611683943746,-0.5777484302469702,3.9594684784945064,2.0,0.0,20.0,STRAIGHT,214.34873494025803,201.2086979289319,20
8.8,171.43044081442744,-532.5109233622729,0.12723437637692792,1.340849309781983,-0.21443405097121226,1.3578876366469887,TRACK,2.0,0.6639131998156147,0.1684874479952029,0.04588684265808754,-0.5997327608208707,3.9594684784945064,2.0,0.0,20.0,STRAIGHT,47.40101569837958,-47.40101569837958,20
8.9,171.56276506713635,-532.5320431327916,0.13589879385510437,1.2867147586878926,-0.20418734694659563,1.3028151606725842,TRACK,2.0,1.1207101247294669,0.15816552935631278,0.026611644080532293,-0.6204692734384025,3.9594684784945064,2.0,0.0,20.0,STRAIGHT,390.22695381314014,457.82818104907943,21
9.0,171.69929994428935,-532.5510294831714,0.14335509616460906,1.348562668127635,-0.19850322324908146,1.3630938337135123,TRACK,2.0,0.8145350545646846,0.1690288104371389,0.02951434931160546,-0.6409424272911792,3.9594684784945064,2.0,0.0,20.0,STRAIGHT,38.85479968407887,-22.725538063213865,21
9.100000000000001,171.82886028925108,-532.5688402401302,0.15088781677637741,1.0475566716406925,-0.14678888388710626,1.0577910742352423,TRACK,2.0,1.1726720538452935,0.18000642367459815,0.0329980994009009,-0.6592165916433714,3.9594684784945064,2.0,0.0,20.0,STRAIGHT,388.1085630757977,375.7783772055373,21
9.200000000000001,171.96273714174467,-532.5831607578514,0.1578356924215678,0.9935715200950807,-0.1137061100952823,1.0000567208998947,TRACK,2.0,0.7003062769067541,0.16770103861134322,0.0134418293698374,-0.6756772930446004,3.9594684784945064,2.0,0.0,20.0,STRAIGHT,-3.6560337513065875,3.6560337513065875,22
9.3,172.09169696514593,-532.5960128144649,0.16374760525495446,1.1643279634591313,-0.12217547831798045,1.1707204849984967,TRACK,2.0,0.9002800736551873,0.17661854509226657,0.015727876623987613,-0.6888419684865994,3.9594684784945064,2.0,0.0,20.0,STRAIGHT,266.89019209040254,271.12275746163783,22
9.4,172.22498698819953,-532.6073948598452,0.16910432850596213,1.326020871892606,-0.12550973283172995,1.3319474635774189,TRACK,2.0,1.205802468850298,0.18583908857309692,0.019540953597846106,-0.7011482702400826,3.9594684784945064,2.0,0.0,20.0,STRAIGHT,362.0821587537564,358.30415554951855,22
9.5,172.36438879752544,-532.6162861340681,0.17442097712431012,1.2376705069502956,-0.08982810611749743,1.2409260140811207,TRACK,2.0,0.6443095703666302,0.1955210732048696,0.023869928720310657,-0.7114460900763788,3.9594684784945064,2.0,0.0,20.0,STRAIGHT,4.445621245707386,-4.445621245707386,22
9.600000000000001,172.49750493928843,-532.6246213703045,0.17942861665419185,1.3330732286198548,-0.09055437677460623,1.3361453244374284,TRACK,2.0,0.6391198549674946,0.17998495208630713,0.0031456969675652258,-0.7196992968811173,3.9594684784945064,2.0,0.0,20.0,STRAIGHT,119.20194846382589,149.38304332903755,23
9.700000000000001,172.62702587266827,-532.6317531556233,0.18360721371183675,1.310298899215689,-0.07899022491582544,1.3126776683245964,TRACK,2.0,0.6740955199442551,0.1880537817775559,0.0064938189363131504,-0.7277422072678519,3.9594684784945064,2.0,0.0,20.0,STRAIGHT,166.26528024825268,150.9365162636576,23
9.8,172.7532531812048,-532.6375066203325,0.1875549613144902,1.274118532975679,-0.06558208343375571,1.2758052538454325,TRACK,2.0,0.7014043478942773,0.19605781152663052,0.010545374035821925,-0.7341046545196832,3.9594684784945064,2.0,0.0,20.0,STRAIGHT,170.68566392772723,145.92528598506513,23
9.9,172.87626977530425,-532.6424441513361,0.1913681750470435,1.25124573179678,-0.0563001168044336,1.2525117103212458,TRACK,2.0,0.7372279125020473,0.20415684048573376,0.014668729514171946,-0.7394716574210634,3.9594684784945064,2.0,0.0,20.0,STRAIGHT,183.75520898531025,150.4256566150004,23
10.0,172.99895133165725,-532.6468136226362,0.19521954344901846,0.6454180130494909,-0.024658717846113926,0.6458888944195952,TRACK,2.0,1.195703245016937,0.1862233215758189,-0.006878239744294384,-0.7441495895385515,3.9594684784945064,2.0,0.0,20.0,STRAIGHT,408.45215599728937,460.4349239133948,24
10.100000000000001,173.13159291922622,-532.6482424330443,0.19846232901780247,1.0796355153610773,-0.01809721721999074,1.0797871805592463,TRACK,2.0,1.1232254634358945,0.19306863510176792,-0.0038232363396950297,-0.7473429938989966,3.9594684784945064,2.0,0.0,20.0,STRAIGHT,155.75446979296967,171.4851352084498,24
10.200000000000001,173.26706959926477,-532.6477219749114,0.20145453755063739,1.0118455114383984,-0.0013848464817409318,1.011846459112158,TRACK,2.0,1.237032897838008,0.20002073918036564,0.0001910355357667981,-0.7476632432079668,3.9594684784945064,2.0,0.0,20.0,STRAIGHT,271.02677100841953,267.50715166188564,24
10.3,173.40664330361741,-532.6447513480698,0.20459456492664518,1.2335257156164843,0.017170001021906786,1.2336452083246026,TRACK,2.0,0.853852447973201,0.20713282389582546,0.00418056917920831,-0.7460648660442075,3.9594684784945064,2.0,0.0,20.0,STRAIGHT,-3.3320658412569903,3.3320658412569903,24
10.4,173.54046679465466,-532.6417996454792,0.20720026931481542,1.2849020045264372,0.02422523592832161,1.285130352645925,TRACK,2.0,0.7352453611402763,0.1875767279920747,-0.018416235659647673,-0.7426395813009776,3.9594684784945064,2.0,0.0,20.0,STRAIGHT,35.128879156005404,146.00253469441137,25
10.5,173.67006870811795,-532.6389740943544,0.20834998323129605,1.2945753983634254,0.026679710500741118,1.2948502882573818,TRACK,2.0,1.1591730993588663,0.1932483740946928,-0.0146101302786395,-0.7400297944376462,3.9594684784945064,2.0,0.0,20.0,STRAIGHT,401.94126661165393,423.4806648921031,25
10.600000000000001,173.80318261577668,-532.6338323779132,0.20889320106853781,0.7842414370790722,0.025677497852975493,0.7846616885816702,TRACK,2.0,0.8571920089578622,0.19904495418731125,-0.009720323536259207,-0.7362403574421705,3.9594684784945064,2.0,0.0,20.0,STRAIGHT,7.889612118985787,23.288778971862477,25
10.700000000000001,173.92933279637785,-532.628774874743,0.20936494268493488,0.9962187967299461,0.037446781888584926,0.9969223402210791,TRACK,2.0,1.2033990221744628,0.20468795700409445,-0.00429208238179804,-0.7308583550751564,3.9594684784945064,2.0,0.0,20.0,STRAIGHT,375.6584382995823,384.30057006802855,25
10.8,174.05944470096497,-532.6218089222152,0.20981991557099391,1.2935327969952246,0.06047807844906238,1.294945827004041,TRACK,2.0,0.707270613059308,0.1841958535672264,-0.025503564981746274,-0.7251593167291048,3.9594684784945064,2.0,0.0,20.0,STRAIGHT,-44.81864546875883,44.81864546875883,26
10.9,174.183632332501,-532.6150991337973,0.2090057109889385,1.2628742845820131,0.06405088931377534,1.2644975188114909,TRACK,2.0,0.7990374169857939,0.18843359491198236,-0.021194893648578683,-0.7179316497941954,3.9594684784945064,2.0,0.0,20.0,STRAIGHT,182.6867882058089,222.55664903534097,26
11.0,174.31052879739659,-532.6078872201884,0.20784454710129774,1.2532367273926066,0.06871593498100902,1.2551191874105203,TRACK,2.0,1.2026237857218498,0.19295403996164895,-0.015385961052855723,-0.711322520582371,3.9594684784945064,2.0,0.0,20.0,STRAIGHT,400.1357250892759,416.30289915317604,26
11.100000000000001,174.446023256798,-532.5976603975085,0.2069911191886391,1.3122883531835963,0.0887594195245773,1.3152866442170144,TRACK,2.0,0.7002476676836626,0.1976724666647733,-0.009732696137956715,-0.7027823827412476,3.9594684784945064,2.0,0.0,20.0,STRAIGHT,-6.271924603488879,6.271924603488879,26
11.200000000000001,174.57733282891962,-532.5870626802376,0.20593270181780343,0.8533156630172072,0.06413958350771849,0.8557227979451286,TRACK,2.0,1.1420288146638329,0.17671463655216607,-0.029882966419390755,-0.6920292830687913,3.9594684784945064,2.0,0.0,20.0,STRAIGHT,370.8452114009624,467.82844140478187,27
11.3,174.7168139606307,-532.5739793934459,0.20371702223241675,0.9461366016978668,0.08645846908815534,0.9500786998714661,TRACK,2.0,0.9173726095644585,0.1799645089268858,-0.025075210230981387,-0.6806142374507544,3.9594684784945064,2.0,0.0,20.0,STRAIGHT,274.0149495572732,301.2148680140624,27
11.4,174.85991502457605,-532.5595330634961,0.20112454937249868,1.3037039891808582,0.12658313725617143,1.3098348682348084,TRACK,2.0,1.2711283255014239,0.1831475420839335,-0.019337612003847954,-0.6665634109215262,3.9594684784945064,2.0,0.0,20.0,STRAIGHT,153.12389867606194,187.015753947695,27
11.5,175.00060096091732,-532.545016155725,0.19844540416769485,1.362437631446577,0.13729957559813594,1.3693383340289524,TRACK,2.0,1.245846685311083,0.16333449975012435,-0.036502493944303854,-0.6520254822249854,3.9594684784945064,2.0,0.0,20.0,STRAIGHT,147.80543438310883,256.05971453130826,28
11.600000000000001,175.13822944449814,-532.5299126691988,0.19505243344226342,1.373842701083263,0.14567785934305535,1.3815447173445132,TRACK,2.0,0.611822114692643,0.16544812642540502,-0.0314405042554225,-0.6373075175368967,3.9594684784945064,2.0,0.0,20.0,STRAIGHT,-29.909849486856245,29.909849486856245,28
11.700000000000001,175.26678530785946,-532.5159671946564,0.19111275247952242,1.3190598939375915,0.14148509495969855,1.326626185438236,TRACK,2.0,0.6431133475892916,0.16740277428564335,-0.02587674770567902,-0.6224513513963075,3.9594684784945064,2.0,0.0,20.0,STRAIGHT,128.9902383163414,176.65072637007268,28
11.8,175.39260797585712,-532.5029277684035,0.18728902641285708,1.0264701685618214,0.10752757898262527,1.032086811847336,TRACK,2.0,1.1529309188160028,0.2338444444896442,0.0447918746923322,-0.6091652078462175,2.6837620020688737,2.0,0.0,20.0,STRAIGHT,543.227935597422,346.0691076286122,28
11.9,175.5249203180641,-532.488833062489,0.185534027931721,0.7786646534125238,0.08274617341057437,0.7830488948259481,TRACK,2.0,0.748278672600694,0.15054151716546368,-0.03587903522158448,-0.5958696410414177,3.9594684784945064,2.0,0.0,20.0,STRAIGHT,-105.98565462615686,105.98565462615686,29
12.0,175.65146456491604,-532.4740414668449,0.181947868244545,1.1168629799689493,0.12683444849433778,1.1240417667284364,TRACK,2.0,1.0032136888827419,0.15182987945575532,-0.032239025107263064,-0.5811887050324458,3.9594684784945064,2.0,0.0,20.0,STRAIGHT,277.4147073499563,341.20531263127293,29
12.100000000000001,175.78271192838682,-532.458296595915,0.1778345313587164,0.6451937241458642,0.07633453352238251,0.6496936991269726,TRACK,2.0,1.2407342278260596,0.1530223698317553,-0.026895673950253857,-0.5660863186712959,3.9594684784945064,2.0,0.0,20.0,STRAIGHT,316.7464834707841,345.4006428972229,29
12.200000000000001,175.92073533008133,-532.441029131991,0.1737671981335407,1.0684022706575824,0.13165570906322904,1.0764834590811043,TRACK,2.0,1.1631465230833498,0.1542211099333047,-0.021684384320267758,-0.5496883384529383,3.9594684784945064,2.0,0.0,20.0,STRAIGHT,152.8369234329415,178.21708755830787,29
12.3,176.05814017097416,-532.4230246965237,0.16965889075714502,1.2564776233988904,0.1615027869812432,1.266814575344329,TRACK,2.0,0.7896688653330735,0.13566145720167913,-0.036130046099300456,-0.531917041373049,3.9594684784945064,2.0,0.0,20.0,STRAIGHT,-50.46336015202126,50.46336015202126,30
12.4,176.1889360379064,-532.4055289142073,0.16482906463106373,1.285948727525607,0.1690671587566117,1.2970149706132004,TRACK,2.0,1.1694514458489662,0.13574338356590487,-0.03176392754665605,-0.5139923525540553,3.9594684784945064,2.0,0.0,20.0,STRAIGHT,361.32765961525786,423.11678240929587,30
12.5,176.3235358677823,-532.3874795156805,0.15973597900225966,1.211967916056137,0.16169644083597184,1.2227068203492104,TRACK,2.0,0.8469829519310557,0.13589458581051478,-0.02643203482641726,-0.49641161017370905,3.9594684784945064,2.0,0.0,20.0,STRAIGHT,-20.514349002862645,28.845592035743408,30
12.600000000000001,176.449160989979,-532.3705281689682,0.1546001384002429,1.2890922637730184,0.17259857827545994,1.3005956841932682,TRACK,2.0,0.7539991207837997,0.11909287795348703,-0.03819259686974005,-0.4785666962726509,3.9594684784945064,2.0,0.0,20.0,STRAIGHT,55.16206849499698,156.074242546779,31
12.700000000000001,176.56970046238246,-532.3536461538521,0.14864054168606589,1.218236159369041,0.1678906079949242,1.2297506236010358,TRACK,2.0,1.1773576024556978,0.11861724305184551,-0.03326871278891774,-0.46208429076023094,3.9594684784945064,2.0,0.0,20.0,STRAIGHT,382.71092239070947,446.79808174736877,31
12.8,176.6954476686404,-532.3347887583562,0.14243049188394985,1.1432904163742692,0.16712505394108762,1.155440937403579,TRACK,2.0,0.7407740225908199,0.1177872228740718,-0.027847783474412788,-0.44425032903689043,3.9594684784945064,2.0,0.0,20.0,STRAIGHT,-15.431756297371031,15.431756297371031,31
12.9,176.81692521982558,-532.3165614794075,0.1365575199202902,0.6403038901706254,0.09436661893539659,0.6472203106647184,TRACK,2.0,1.1882276735134139,0.10260485489484308,-0.03698971105361812,-0.425339539024435,3.9594684784945064,2.0,0.0,20.0,STRAIGHT,380.8637439649072,470.9207724545814,32
13.0,176.94853326686024,-532.2971688524714,0.13022552631502315,0.8322037124746573,0.12287335206874601,0.8412258196853043,TRACK,2.0,0.7634455706722563,0.13461048564169353,0.0010519414736965826,-0.40699543292055296,2.6837620020688737,2.0,0.0,20.0,STRAIGHT,28.44351601785113,-28.44351601785113,32
13.100000000000001,177.0784353476325,-532.2783185833118,0.12464995478144014,1.123775182053373,0.16368859065672137,1.135634014333084,TRACK,2.0,0.9586826390133247,0.09967843857832522,-0.027770430819326883,-0.3873699526506016,3.9594684784945064,2.0,0.0,20.0,STRAIGHT,256.8562801243854,291.410078351739,32
13.200000000000001,177.21084479583618,-532.2589281967545,0.11925396589434367,1.2389466038144952,0.18148603343116304,1.2521684660755712,TRACK,2.0,0.7432514341347858,0.08668779912839614,-0.03545523780001386,-0.3686550721021149,3.9594684784945064,2.0,0.0,20.0,STRAIGHT,3.4654741240006928,84.07258186956587,33
13.3,177.337229583585,-532.2393569025545,0.11363480611240905,0.8136779235593383,0.12317557282389527,0.8229483489431954,TRACK,2.0,0.7123797152715647,0.08464702204187877,-0.03186698117152678,-0.3489019774061717,3.9594684784945064,2.0,0.0,20.0,STRAIGHT,110.36876149581103,151.57912131449626,33
13.4,177.46011688571596,-532.2201092500352,0.10797107101995529,1.0790662803375695,0.1672342574441717,1.0919484118878793,TRACK,2.0,0.9912011411137762,0.0824626791188479,-0.028480501525048843,-0.32962336007210524,3.9594684784945064,2.0,0.0,20.0,STRAIGHT,280.9555194866038,337.93235028045973,33
13.5,177.58428527633885,-532.2008500257592,0.1020688673458241,0.7419007147431429,0.11500957269137828,0.7507621942712883,TRACK,2.0,0.8472476728278306,0.08011596948264438,-0.0250123691954664,-0.3102417277183349,3.9594684784945064,2.0,0.0,20.0,STRAIGHT,67.47621450435146,117.2551843996879,33
13.600000000000001,177.70438043532695,-532.1822838724387,0.09620204847321134,0.6705811819277987,0.10375582681266345,0.6785605302058637,TRACK,2.0,1.0022643396443258,0.06858438999227738,-0.031183494855669694,-0.29142012881106893,3.9594684784945064,2.0,0.0,20.0,STRAIGHT,223.13667832982821,296.54388244278334,34
13.700000000000001,177.82799421505493,-532.162950305751,0.09010258814448635,0.6700058273148066,0.10453367590962145,0.678111420074147,TRACK,2.0,1.121803415057503,0.06605552659083765,-0.027875201395536717,-0.27262081825688256,3.9594684784945064,2.0,0.0,20.0,STRAIGHT,229.24890195555088,285.95128104737523,34
13.8,177.95671049772395,-532.1425834627013,0.08387696456141458,1.033980338561507,0.16297361466546986,1.0467453078991553,TRACK,2.0,1.097529339070184,0.0631790462573436,-0.023880990532792593,-0.2527416639719604,3.9594684784945064,2.0,0.0,20.0,STRAIGHT,206.97148688937907,242.0097875839198,34
13.9,178.08981728032498,-532.1216715503334,0.07761883019670113,1.0377559197885728,0.1631615986227926,1.0505041914820579,TRACK,2.0,1.2259679247842385,0.053124860053457824,-0.02779939316121608,-0.23206426107492462,3.9594684784945064,2.0,0.0,20.0,STRAIGHT,243.2401975127533,307.38321653372327,35
14.0,178.22797900387624,-532.1005427122878,0.0712301227914367,1.0059447447572434,0.15464130933898773,1.0177616440300705,TRACK,2.0,1.2538999065944445,0.049851835325031194,-0.024733377969104173,-0.21097480045466455,3.9594684784945064,2.0,0.0,20.0,STRAIGHT,209.6703087742325,248.81689193554266,35
14.100000000000001,178.3673104357314,-532.0795756550339,0.06513278529215949,0.4307106683677293,0.06537208860319021,0.43564342048758115,TRACK,2.0,0.8180288575493639,0.04642612509496889,-0.021817776131908065,-0.18997548975585232,3.9594684784945064,2.0,0.0,20.0,STRAIGHT,-18.82241142291217,18.82241142291217,35
14.200000000000001,178.49968426926827,-532.0594802559015,0.059198393883236555,0.5886770124101968,0.08889279385564704,0.5953507820937649,TRACK,2.0,1.1513792724669076,0.042764360409631774,-0.019944239043343706,-0.16915468848128512,3.9594684784945064,2.0,0.0,20.0,STRAIGHT,347.06487648775175,386.8944377698403,35
14.3,178.6350206100291,-532.0397597633108,0.05316262269458716,1.0584089734240119,0.15558998102620453,1.0697839955898598,TRACK,2.0,1.091563725318986,0.034601320522452385,-0.021742966143936858,-0.1495272835115884,3.9594684784945064,2.0,0.0,20.0,STRAIGHT,138.45618409932553,191.85058428868,36
14.4,178.7659167885967,-532.0194941165927,0.047083232721723656,0.7929059380718916,0.12086273293237851,0.8020646026608765,TRACK,2.0,0.8040471690694575,0.0309627127603369,-0.01932309992888493,-0.12963099068235806,3.9594684784945064,2.0,0.0,20.0,STRAIGHT,-3.015400753402094,34.8935373849349,36
14.500000000000002,178.89023865545522,-531.9996282538085,0.04128556552290896,0.6414287662805367,0.10025399596058092,0.6492162397215858,TRACK,2.0,1.3506818868339692,0.026909462449371792,-0.01733691810023049,-0.1092544652384504,3.9594684784945064,2.0,0.0,20.0,STRAIGHT,478.8002647541536,516.792910621851,36
14.600000000000001,179.0259033663474,-531.980166502588,0.035527078827125795,0.964615634519369,0.14092264933096532,0.9748551253666686,TRACK,2.0,1.3914177592290367,0.020254400821772683,-0.018236537780995626,-0.0897403607709748,3.9594684784945064,2.0,0.0,20.0,STRAIGHT,229.00800018598216,277.28677757370457,37
14.700000000000001,179.16503042121178,-531.9606611758821,0.029558144077874493,0.7867388949019759,0.11203007656844906,0.7946752964623444,TRACK,2.0,0.9057990904054529,0.016394368173138683,-0.016570739068585173,-0.07035880851481124,3.9594684784945064,2.0,0.0,20.0,STRAIGHT,-19.378123361281876,19.378123361281876,37
14.8,179.30007089929748,-531.9416703376774,0.023691821681618652,1.1956808531304368,0.16821301920017168,1.2074553086434159,TRACK,2.0,1.1578976309275493,0.012225271064307071,-0.014560831779702214,-0.050794812625554187,3.9594684784945064,2.0,0.0,20.0,STRAIGHT,355.69750568073425,391.94555447197376,37
14.9,179.44069427434638,-531.922945176358,0.018162273181395072,1.3168559318081086,0.17943992614032728,1.3290252940525429,TRACK,2.0,0.7533622004329215,0.008033684173864497,-0.012925659443366789,-0.03226787653511565,3.9594684784945064,2.0,0.0,20.0,STRAIGHT,-18.18201573667151,18.18201573667151,37
15.000000000000002,179.5730775357324,-531.9047168914768,0.012757627110138612,1.0485030185173743,0.14346256837645854,1.058272218460456,TRACK,2.0,0.7358967703400152,0.0030661548181144453,-0.01288586843737061,-0.013426637209363435,3.9594684784945064,2.0,0.0,20.0,STRAIGHT,119.76496184391402,161.4380855594921,38
15.100000000000001,179.7018058960186,-531.887367197877,0.007133845218409097,0.6292524748709833,0.08497020200544485,0.6349634732487403,TRACK,2.0,1.2592354167302364,-0.0015162039234924312,-0.011634750327369091,0.004169260120306717,2.6837620020688737,2.0,0.0,20.0,STRAIGHT,456.16974352153056,493.0313716954072,38
15.200000000000001,179.83717729911623,-531.86990510134,0.0015460638357867042,1.075592033598782,0.14051973262304257,1.0847322333173357,TRACK,2.0,0.778485255582559,-0.0052070423991349025,-0.009711684474549578,0.021439986846303327,3.9594684784945064,2.0,0.0,20.0,STRAIGHT,-16.651572354139503,16.651572354139503,38
15.3,179.9649695477655,-531.8530176160244,-0.003738608798685039,0.835907138185974,0.11007026313204561,0.8431228893205442,TRACK,2.0,0.8386507425057748,-0.009787683267760168,-0.008732592650241096,0.03900593000525987,3.9594684784945064,2.0,0.0,20.0,STRAIGHT,174.20767921133117,209.9490420953583,38
15.4,180.0925853644923,-531.8374094482496,-0.00893249470457258,1.2785721347630157,0.16119593597651657,1.288693459891762,TRACK,2.0,0.9635447960069492,-0.012638259705585264,-0.0063357296902149755,0.055085057912265256,3.9594684784945064,2.0,0.0,20.0,STRAIGHT,225.33548998965023,254.6910229086214,39
15.500000000000002,180.22292927107034,-531.8221583464394,-0.014230425894188325,1.292963360340948,0.15616347689920435,1.3023598898543385,TRACK,2.0,0.8443801543207179,-0.0166568508972294,-0.005228051163102706,0.0704505344754125,3.9594684784945064,2.0,0.0,20.0,STRAIGHT,87.84107035718645,120.6429228979083,39
15.600000000000001,180.35102235903014,-531.8070351982926,-0.019450482096259773,1.2998163762709498,0.1549982591501242,1.3090252374808182,TRACK,2.0,0.7341136200604648,-0.020892294313088648,-0.00420929763398753,0.08565961563726887,3.9594684784945064,2.0,0.0,20.0,STRAIGHT,78.356011876731,110.72462083419029,39
15.700000000000001,180.47574832259488,-531.7924430599679,-0.024348660773422237,1.268856022496887,0.14954633255484906,1.2776383335698824,TRACK,2.0,0.7388129161039294,-0.025316433340078402,-0.0034452961155566827,0.10060546524812253,3.9594684784945064,2.0,0.0,20.0,STRAIGHT,135.58968284413174,168.25269427644196,39
15.8,180.59972617138675,-531.7789453219465,-0.02914613637382346,0.9704798211040814,0.10749583591832457,0.9764150950850715,TRACK,2.0,1.1870293035144264,-0.026373078714700543,0.0003612379197044102,0.11473446003049048,3.9594684784945064,2.0,0.0,20.0,STRAIGHT,418.3469827061369,438.1888473976624,40
15.9,180.73077775509648,-531.7666836016107,-0.03400283962055895,0.7587495766093675,0.07546136485742594,0.7624928442884169,TRACK,2.0,0.9062967776202193,-0.030199872293023476,0.001222107848550348,0.12753856641268158,3.9594684784945064,2.0,0.0,20.0,STRAIGHT,17.934188626254496,46.78796603778349,40
