time_s,north_m,east_m,body_yaw_rad,course_angle_rad,speed_mps,reference_north_m,reference_east_m,position_error_m,target_north_m,target_east_m,desired_heading_rad,heading_error_rad,speed_error_mps,left_thrust,right_thrust
0.0,161.88422784349953,-531.9005551594263,0.5707963307718236,0.0,0.0,163.0,-531.0,1.433857419826329,166.0,-531.0,0.21541102975391604,-0.35538530101790755,1.0,0.0,0.0
0.33343973000000005,161.88405580934167,-531.9006447925273,0.5707964153871131,0.0,0.00404133612580679,163.0,-531.0,1.4340475860202602,166.0,-531.0,0.2154230842143393,-0.3553733311727738,0.9959586638741932,0.0,0.0
0.9558346750000001,161.88413540332797,-531.9005786873917,0.570796732943388,0.0,0.0019517168582529488,163.0,-531.0,1.4339441308119727,166.0,-531.0,0.21541179524799203,-0.3553849376953959,0.9980482831417471,154.64176916325926,373.1920346644299
1.282157017,161.88701660628573,-531.898458399572,0.5701040115020954,0.0,0.02485067900586424,163.0,-531.0,1.430370417215461,166.0,-531.0,0.21506608545145606,-0.3550379260506394,0.9751493209941358,154.64176916325926,373.1920346644299
1.94556162,161.89455506672283,-531.8925212947421,0.5690315759598628,0.6629003774158865,0.08073656053757976,163.0,-531.0,1.420775408738578,166.0,-531.0,0.21406842074043306,-0.35496315521942967,0.9192634394624203,173.50129690776112,402.51584824221675
2.2740388080000002,161.90628852841334,-531.8832390084799,0.5669238706599318,0.6672130076539833,0.16156950497553904,163.0,-531.0,1.4058150408858268,166.0,-531.0,0.212497757713919,-0.3544261129460128,0.838430495024461,173.50129690776112,402.51584824221675
2.9120065640000004,161.92395253463744,-531.8693360019184,0.5642920466419574,0.6669773702659394,0.2563219232663686,163.0,-531.0,1.3833377143505983,166.0,-531.0,0.21013077617504144,-0.354161270466916,0.7436780767336314,159.31598152426724,398.58246553279776
3.2207485740000004,161.94418177322166,-531.853542326901,0.5607240573274321,0.6648114546287356,0.3537448802821326,163.0,-531.0,1.3576769246801403,166.0,-531.0,0.207422057847742,-0.3533019994796901,0.6462551197178674,159.31598152426724,398.58246553279776
3.833606543,161.96892969168448,-531.8343159425256,0.5567936188657712,0.6627434312359333,0.44086661703135077,163.0,-531.0,1.3263442511814878,166.0,-531.0,0.20408967759202817,-0.352703941273743,0.5591333829686492,99.5743010205419,343.19680828775
4.400052811,161.993108930146,-531.815528534565,0.551878413061464,0.6617881036253931,0.5098359635760504,163.0,-531.0,1.2957300711342263,166.0,-531.0,0.20078891170093086,-0.3510895013605332,0.49016403642394957,94.24465278662191,342.9592192778608
4.774584664000001,162.0199526727692,-531.7945661726455,0.5467574779845525,0.6622785497314343,0.5606357234353241,163.0,-531.0,1.2616767281379326,166.0,-531.0,0.1970468508635111,-0.3497106271210414,0.4393642765646759,79.24218021906572,331.98451247317485
5.3678604640000005,162.0449794794543,-531.7748404485851,0.5406098185250909,0.664309342274685,0.5967679162972344,163.0,-531.0,1.229813772661112,166.0,-531.0,0.1934628063255554,-0.34714701219953553,0.40323208370276564,67.52014104814717,322.01604345214196
5.7445686160000005,162.07215688910415,-531.7531370965403,0.5344175271614853,0.6679094392414874,0.6219884932249592,163.0,-531.0,1.195034863350028,166.0,-531.0,0.1894438431831649,-0.3449736839783204,0.3780115067750408,60.847797811691365,313.5187768678872
6.322470495,162.0974281948978,-531.7326771925966,0.5271932689667678,0.6725906995754436,0.6413714713129316,163.0,-531.0,1.1625195619501283,166.0,-531.0,0.18558185868475816,-0.34161141028200964,0.3586285286870684,56.248837843981775,307.71129367658153
6.690411609000001,162.12556821419255,-531.709651285226,0.5200879409727162,0.6774684180064636,0.6616091416157511,163.0,-531.0,1.1261597997856494,166.0,-531.0,0.18115465937271688,-0.33893328159999925,0.33839085838424887,53.142898238624284,302.3049091725468
7.272735364000001,162.15310360220147,-531.6870630095895,0.5119586335358299,0.6810641548366825,0.689731221841549,163.0,-531.0,1.0905453166880514,166.0,-531.0,0.17673838667139566,-0.3352202468644343,0.310268778158451,48.71125054317723,296.42692516989547
7.642065253,162.18552465129767,-531.6606474410642,0.5020737212480797,0.6820730558250353,0.7298050119364092,163.0,-531.0,1.0487254812525544,166.0,-531.0,0.1714936098132702,-0.3305801114348095,0.27019498806359077,42.13818975421684,287.3806076655075
8.203014734,162.21828997831733,-531.6343128323176,0.49521180873973636,0.680087127446534,0.7808879692851702,163.0,-531.0,1.0066892903184776,166.0,-531.0,0.1661847934290098,-0.32902701531072653,0.21911203071482976,32.41825523638569,274.6507868547021
8.586191589,162.2566374138044,-531.6039503601063,0.48671699801291535,0.6760023132486445,0.8367832999245897,163.0,-531.0,0.9577807536320183,166.0,-531.0,0.15996056178529222,-0.3267564362276231,0.16321670007541034,18.663808468470478,260.7084733779377
9.173668732000001,162.2940369707194,-531.5747731568456,0.47721482406825677,0.6707609307441602,0.889766814650001,163.0,-531.0,0.9103559636435117,166.0,-531.0,0.15386823225278734,-0.32334659181546943,0.11023318534999904,4.979605375715465,245.49051895492366
9.552689663,162.33549072707225,-531.5425957051243,0.46819292963604137,0.666709305170862,0.9315443565960141,163.0,-531.0,0.8578943250927301,166.0,-531.0,0.14699969961201592,-0.32119323002402544,0.06845564340398591,-6.851218026289985,231.3356349051105
10.122052184000001,162.3737236305243,-531.5130743557011,0.45817573034133363,0.6633312758354013,0.9577102412927055,163.0,-531.0,0.8096094030097052,166.0,-531.0,0.14055497456786076,-0.3176207557734729,0.042289758707294456,-15.638274866769038,221.56417050397442
10.499799249,162.41428528689866,-531.4817051123522,0.44872685392438716,0.6615339372401442,0.9676389912601666,163.0,-531.0,0.7583544952129037,166.0,-531.0,0.1335405387067233,-0.3151863152176638,0.032361008739833386,-19.423579344691063,215.28289781245238
11.070726081,162.4505135004662,-531.4535219991792,0.4366749677213597,0.6613970185961249,0.9636497554905354,163.0,-531.0,0.7124728885434223,166.0,-531.0,0.12708258196913283,-0.3095923857522269,0.03635024450946456,-19.66640482549309,213.86110163335636
11.45467393,162.4882861203779,-531.4238197915151,0.4285062584091263,0.6630861319173902,0.9497964475475695,163.0,-531.0,0.6644353319005903,166.0,-531.0,0.1201065615632334,-0.3083996968458929,0.05020355245243047,-15.219878242948809,214.19290821918668
12.032305186,162.52193209567537,-531.3969871982903,0.4160842942456029,0.6664989594293038,0.9311563104167201,163.0,-531.0,0.6214078827563332,166.0,-531.0,0.11364831893210914,-0.30243597531349375,0.06884368958327991,-10.940579347481005,218.81299564549863
12.401201362,162.55753480340033,-531.3681819268743,0.4076988055483346,0.6711390621607509,0.913476278337944,163.0,-531.0,0.5756156543031528,166.0,-531.0,0.10654795117311693,-0.30115085437521766,0.08652372166205602,-10.940579347481005,218.81299564549863
12.953376086,162.59026539565122,-531.3415150741002,0.39668753704789794,0.6754152416648775,0.9015878574920297,163.0,-531.0,0.5333994674149477,166.0,-531.0,0.09982592065954032,-0.2968616163883576,0.09841214250797026,-1.214325897051296,224.4761867280793
13.322263049,162.62616214267777,-531.3121216851257,0.38643035016871824,0.6791360098202426,0.898298229455551,163.0,-531.0,0.48700584174420736,166.0,-531.0,0.09224977848331713,-0.2941805716854011,0.10170177054444896,-1.214325897051296,224.4761867280793
13.89062999,162.6600977665882,-531.2845306182946,0.37522893646869093,0.6803746902394588,0.9028055694479311,163.0,-531.0,0.44327328029722607,166.0,-531.0,0.08498610075969565,-0.29024283570899523,0.09719443055206889,7.025523539671099,226.8609890428153
14.261082349,162.6978133605425,-531.2541755299857,0.3622198274059123,0.6794148450391648,0.9126850745466198,163.0,-531.0,0.39486955454948414,166.0,-531.0,0.07682041197638667,-0.2853994154295256,0.08731492545338015,4.747552071246943,222.94816095824115
14.828804656,162.73335126942283,-531.2259444635511,0.3535071127833793,0.6765135419841021,0.9241816913099541,163.0,-531.0,0.349503141799604,166.0,-531.0,0.06905706755728053,-0.28445004522609874,0.07581830869004591,3.3023100818712834,218.37994836258997
15.217375166,162.77234064478927,-531.1953778814377,0.34301686842015733,0.6723648678477768,0.9341646552361003,163.0,-531.0,0.3000021642756157,166.0,-531.0,0.060458601962301656,-0.28255826645785564,0.06583534476389974,0.08457926453770881,215.5269231822636
15.775586241000001,162.80853610497425,-531.1673649348465,0.33161280622414613,0.6674985617473269,0.9409218470655553,163.0,-531.0,0.2543018767422281,166.0,-531.0,0.05239343742096129,-0.2792193688031848,0.05907815293444474,-1.5807455022635253,212.49970546046137
16.147029947,162.84779578413784,-531.137375975993,0.32105756238560956,0.6621504433151623,0.9440948074189364,163.0,-531.0,0.20503239282182167,166.0,-531.0,0.04355336551015237,-0.2775041968754572,0.055905192581063634,-1.7713774500869732,209.95875229941805
16.714449997000003,162.88402797313347,-531.1100206519542,0.30959998924129906,0.6567342567489799,0.9446716037946797,163.0,-531.0,0.15985635699575867,166.0,-531.0,0.0352939513983093,-0.27430603784298974,0.05532839620532026,-1.8862750027831936,209.2051975552934
17.095257951,162.92334553883256,-531.0806464463896,0.2990080040294336,0.6514555822250054,0.9443492239737189,163.0,-531.0,0.11126435067950873,166.0,-531.0,0.026206382480724266,-0.27280162154870935,0.0556507760262811,-0.6332172862913978,208.18191617934946
17.661248043,162.9598390374764,-531.0536125220941,0.2875221739506808,0.6465927165854446,0.9449642530292724,163.0,-531.0,0.066986606393471,166.0,-531.0,0.017632936620742876,-0.2698892373299379,0.05503574697072755,-0.2149931323066454,208.10486662137606
18.287116958000002,162.99976747681677,-531.0242786937914,0.27691336978660486,0.6420247377289313,0.947687688025628,163.0,-531.0,0.024279807232514973,166.0,-531.0,0.008092094083531029,-0.26882127570307385,0.05231231197437203,0.5801268950422269,206.81475011169164
18.593040502,163.0370588769355,-530.9970458120106,0.26541870946356383,0.638041958912349,0.9526875471447274,163.0370588769355,-531.0,0.0029541879894168233,166.0,-531.0,-0.0009970454652309204,-0.26641575492879477,0.047312452855272635,-0.21108228474477642,205.82787973693883
19.216971212,163.07786790681268,-530.9674041676083,0.254807310906918,0.6345543151152747,0.958723619450233,163.07786790681268,-531.0,0.0325958323917348,166.0,-531.0,-0.01115434877299376,-0.26596165967991175,0.04127638054976701,-0.8100799038148949,203.45619289805205
19.534168168,163.11574466617097,-530.9400728057271,0.2433147951246244,0.6312016614659487,0.9637407777912775,163.11574466617097,-531.0,0.0599271942728592,166.0,-531.0,-0.02077436498458157,-0.26408916010920597,0.036259222208722464,-2.5178916104614473,201.95024576968586
20.17433773,163.15672938133534,-530.9107068813959,0.23270840193429465,0.6278700794980293,0.9657821897032617,163.15672938133534,-531.0,0.08929311860413236,166.0,-531.0,-0.03139475342773158,-0.2641031553620262,0.034217810296738316,-2.939220569789555,200.0644502286981
20.490289866,163.19428172092717,-530.8839962962364,0.2212215743192001,0.6245204824067447,0.9637694600029572,163.19428172092717,-531.0,0.1160037037635675,166.0,-531.0,-0.0413219215996183,-0.26254349591881837,0.03623053999704284,-3.3823061588007732,200.08294578042364
21.125591134,163.23448080892874,-530.8555967184141,0.21062253806481437,0.6212471189456307,0.9577216803467726,163.23448080892874,-531.0,0.1444032815859373,166.0,-531.0,-0.052168236342895184,-0.26279077440770954,0.04227831965322737,-1.8169670970962102,200.33479814137922
21.433764825,163.27110867561737,-530.8298953332381,0.1973802101119824,0.618018700268074,0.9487790958934396,163.27110867561737,-531.0,0.17010466676185843,166.5,-531.0,-0.052633409342288315,-0.2500136194542707,0.05122090410656044,-0.19248914133585515,202.54132840019838
22.061046287,163.31038227589792,-530.8025152102344,0.18855592808069985,0.6148616976415392,0.9389380386117953,163.31038227589792,-531.0,0.19748478976555361,166.5,-531.0,-0.06183594279138062,-0.2503918708720805,0.061061961388204744,7.7265322277221316,199.67087108245488
22.36933846,163.3464859547915,-530.7775614754323,0.17710651106546235,0.6113918203847615,0.9303163725139185,163.3464859547915,-531.0,0.22243852456767854,166.5,-531.0,-0.07042008051860633,-0.2475265915840687,0.06968362748608148,7.7265322277221316,199.67087108245488
23.017190330000002,163.38579256631166,-530.7506376781193,0.16657420466483752,0.6076404605701825,0.9253705893400686,163.38579256631166,-531.0,0.24936232188065333,166.5,-531.0,-0.0799020073840965,-0.246476212048934,0.07462941065993145,10.66292939629976,204.17888434674097
23.330657983000002,163.4225641384761,-530.725726770477,0.15519648349486004,0.603367335649767,0.9253353565640801,163.4225641384761,-531.0,0.27427322952303257,166.5,-531.0,-0.08888909209693999,-0.24408557559180002,0.07466464343591994,10.66292939629976,204.17888434674097
23.949689250000002,163.46320218697986,-530.6986408378259,0.1447236918141228,0.5979009622895759,0.9301563105868201,163.46320218697986,-531.0,0.3013591621740943,166.5,-531.0,-0.09891199490090438,-0.2436356867150272,0.06984368941317987,12.940488181439989,204.39183353651998
24.263498034,163.50157181715684,-530.673589651828,0.13341232730185415,0.5909616560235567,0.9386901754168244,163.50157181715684,-531.0,0.3264103481719758,166.5,-531.0,-0.10843349672547153,-0.24184582402732568,0.061309824583175576,12.940488181439989,204.39183353651998
24.877075319000003,163.54398494728594,-530.6465418254812,0.1230003639730677,0.5826588120808842,0.948672030191323,163.54398494728594,-531.0,0.3534581745187779,166.5,-531.0,-0.11900749489674572,-0.2420078588698134,0.05132796980867704,9.204895471818887,198.77379038374488
25.19777531,163.58371922342926,-530.6218315515702,0.11175323619020627,0.5732905631188734,0.9577462143782569,163.58371922342926,-531.0,0.37816844842984665,166.5,-531.0,-0.1289553038900231,-0.24070854008022935,0.04225378562174309,6.712911537390767,196.9564805835361
25.829622939,163.6270884408436,-530.5954891905157,0.10139787732902006,0.5635664539281197,0.9639885236213482,163.6270884408436,-531.0,0.4045108094843499,166.5,-531.0,-0.13988213600829358,-0.24128001333731364,0.03601147637865176,5.098813285659631,194.21186391500947
26.137567237000003,163.66715946801554,-530.5716492013335,0.08848798523451752,0.5541141902234762,0.9664979948338959,163.66715946801554,-531.0,0.4283507986665427,166.5,-531.0,-0.15007206951383306,-0.23856005474835057,0.03350200516610413,3.4307694162216507,193.33499816878611
26.759701448,163.71038183188332,-530.5463421128585,0.07732886381880011,0.5455871020854525,0.9652765471168332,163.71038183188332,-531.0,0.4536578871415031,166.5,-531.0,-0.16121237053639018,-0.23854123435519028,0.034723452883166805,4.383442438376932,191.86227553134023
27.071445035,163.749998567132,-530.5233966994965,0.06705362279765104,0.5384285323700146,0.961209445739336,163.749998567132,-531.0,0.4766033005034842,166.5,-531.0,-0.17160561048270123,-0.23865923328035227,0.03879055426066402,4.742909402387411,192.8631326393559
27.687173528000002,163.79261458963126,-530.4988718967917,0.05850651221346759,0.5328081232694685,0.9557028856110908,163.79261458963126,-531.0,0.5011281032083161,167.0,-531.0,-0.15498886924332764,-0.21349538145679522,0.04429711438890915,5.992510528114678,194.21637685245577
28.005590985,163.83177222305255,-530.4764580533486,0.04742133430024276,0.5283314329078271,0.950179704301052,163.83177222305255,-531.0,0.5235419466514486,167.0,-531.0,-0.1637676194048358,-0.21118895370507856,0.04982029569894797,18.095950923332552,185.1539085898924
28.625613716,163.8741696737327,-530.4523520279016,0.037265726683322065,0.5243955698587233,0.9458717052823954,163.8741696737327,-531.0,0.5476479720983889,167.0,-531.0,-0.1734404925030705,-0.21070621918639257,0.05412829471760461,17.419408083592984,188.5846250520131
28.942503094000003,163.91344940088666,-530.4302194937699,0.026344684774885607,0.5204663346105806,0.943554959560388,163.91344940088666,-531.0,0.5697805062301313,167.0,-531.0,-0.18254599869780955,-0.20889068347269515,0.05644504043961196,18.313633004291844,189.6203947673618
29.598635304000002,163.95630623260746,-530.4064172214346,0.0163258177873431,0.5157460626855005,0.9432538053594783,163.95630623260746,-531.0,0.5935827785654055,167.0,-531.0,-0.19260305750834414,-0.20892887529568724,0.05674619464052166,19.393352408849125,189.2922680186203
29.912645743000002,163.99621169973193,-530.384698209517,0.005536793616393476,0.5096707550477874,0.9443653539601481,163.99621169973193,-531.0,0.6153017904830449,167.0,-531.0,-0.2020468964290535,-0.20758369004544697,0.05563464603985191,19.0334378519931,189.39993602399784
30.564307886,164.03981484648853,-530.3615520940057,-0.004366577839987951,0.5020640181355617,0.9460563691786418,164.03981484648853,-531.0,0.638447905994326,167.0,-531.0,-0.2124244664545994,-0.20805788861461144,0.053943630821358224,19.183721012930448,188.41173831541494
30.895693332,164.08035741748614,-530.3406189545506,-0.015038520431912781,0.4931319024801411,0.9475694963594485,164.08035741748614,-531.0,0.659381045449436,167.0,-531.0,-0.22211674391032438,-0.2070782234784116,0.05243050364055146,19.183721012930448,188.41173831541494
31.541445535,164.12451938714403,-530.3184419485907,-0.024840271250825774,0.48340248797125274,0.9484554959340302,164.12451938714403,-531.0,0.6815580514092971,167.0,-531.0,-0.2327292125491453,-0.20788894129831953,0.051544504065969776,18.484158866614393,187.73109295366135
