stage,trial,score,passed_acceptance,became_best,brake_kd,brake_ki,brake_kp,heading_kd,heading_ki,heading_kp,lookahead_distance,speed_kd,speed_ki,speed_kp,curved_success,curved_capture_time_s,curved_rmse_m,curved_max_error_m,curved_heading_rmse_rad,curved_speed_rmse_mps,curved_recoveries,straight_success,straight_capture_time_s,straight_rmse_m,straight_max_error_m,straight_heading_rmse_rad,straight_speed_rmse_mps,straight_recoveries
heading,0,1.397699142462567,False,True,0.954594,44.207972,533.947644,53.658735,1.132945,521.936305,2.40681,25.339928,2.611967,275.194653,True,1.0,0.6558365183031212,1.3583832741070105,0.122131665868623,0.24854265845174983,1,True,0.952,0.39792106901010693,0.9807149297776061,0.06798855906375528,0.255505720341498,1
heading,1,1.5112123584045547,False,False,0.954594,44.207972,533.947644,55.7538113879855,1.0004302089066774,437.7420593060477,2.2812375835208796,25.339928,2.611967,275.194653,True,1.0,0.7206778443818666,1.4713957122035386,0.1473026651456788,0.24825389446712193,1,True,0.9,0.4545979231912058,0.9823297130980083,0.08567463128839771,0.2550089479267795,1
heading,2,1.5255092305647786,False,False,0.954594,44.207972,533.947644,135.9833438016299,27.06797949691645,481.4120463738056,1.8042859142029566,25.339928,2.611967,275.194653,True,0.948,0.7436987784273903,1.5548284677159978,0.17279013639805113,0.24536470504707777,1,True,0.952,0.5579122423751545,0.9824844383127679,0.1308024239218784,0.24962345073977962,1
heading,3,1.6165421630705268,False,False,0.954594,44.207972,533.947644,48.422936724468435,1.1918887775228137,339.8648188583717,3.2687435083617684,25.339928,2.611967,275.194653,True,0.948,0.7904792646897146,1.613923104323374,0.15212986793040245,0.2496838729887393,1,True,0.952,0.4794824779559482,0.9832167796026142,0.08500306988766328,0.25642309649653516,1
heading,4,2.2838985347468244,False,False,0.954594,44.207972,533.947644,104.48497691133802,7.95350602746594,161.94118635773864,3.4072951821112585,25.339928,2.611967,275.194653,True,0.948,1.1963533491592298,2.125827200725529,0.2930525433307861,0.24886922899343553,1,True,0.952,0.8365853785028262,1.387241518796941,0.1836584884816613,0.25534699604877753,1
heading,5,1000000.0,False,False,0.954594,44.207972,533.947644,125.22595936811746,23.57062735503635,249.19827991831352,1.5227456588732136,25.339928,2.611967,275.194653,False,,,,,,,False,,,,,,
heading,6,1.3806195561256778,False,True,0.954594,44.207972,533.947644,64.23256714733894,27.925575799529074,512.6186633247635,2.0441782493412353,25.339928,2.611967,275.194653,True,1.0,0.6422585811821163,1.355130859986964,0.1256229497239141,0.24792511877863058,1,True,0.904,0.41055662595466175,0.9806950506385537,0.07762018767296194,0.2547672160976099,2
heading,7,1.3789506924271604,False,True,0.954594,44.207972,533.947644,32.056959639419226,13.463781804505071,580.7458824930516,1.8385073189171242,25.339928,2.611967,275.194653,True,0.996,0.6503776218130406,1.3610461672793928,0.1334137249585296,0.2468398513875487,1,True,1.052,0.46142351112626445,0.9642225986898347,0.09240221439740573,0.2519703958338617,1
heading,8,1.229378983343152,False,True,0.954594,44.207972,533.947644,124.92667552566942,24.149041254675645,531.3724648563568,4.054061253428363,25.339928,2.611967,275.194653,True,0.944,0.5305389159233237,1.2988029929359768,0.08269892708012826,0.25100245715960673,1,True,0.952,0.3527293343538181,0.9781188224419753,0.05251122986856934,0.25723850011511334,1
heading,9,1.4245675719521758,False,False,0.954594,44.207972,533.947644,69.20946903708595,38.92463055917482,391.30264115461534,3.432142209456295,25.339928,2.611967,275.194653,True,0.992,0.6477255930836104,1.4729496410407703,0.132706040721915,0.24897366615798253,1,True,0.952,0.42643778074333627,0.9817494528229366,0.08255305000080684,0.2558341834823732,1
heading,10,1.272646565034596,False,False,0.954594,44.207972,533.947644,132.02189704040103,24.740790094569842,523.2320989138477,3.520732508398667,25.339928,2.611967,275.194653,True,0.996,0.5668398956423644,1.3121486366344197,0.08958981050909323,0.2504433627051053,1,True,0.952,0.35889919171732604,0.9787276104332817,0.055029078686743706,0.25702035956594105,1
heading,11,1.4273367999491529,False,False,0.954594,44.207972,533.947644,49.62677583470109,1.8329753462264886,467.0573262967156,2.512857872607375,25.339928,2.611967,275.194653,True,0.996,0.6772068241776408,1.3992645935459098,0.12057648652582315,0.24929372583948903,1,True,0.952,0.39818136479465,0.9809801948489959,0.0650433640879069,0.25629547858077295,1
heading,12,1000000.0,False,False,0.954594,44.207972,533.947644,33.13018582326478,9.311635454441207,185.90638961563238,2.4729076108853225,25.339928,2.611967,275.194653,True,0.9,1.2606253338413596,2.3943506108474084,0.3283061859527779,0.24651910933054585,1,False,,,,,,
heading,13,1.4958171539882128,False,False,0.954594,44.207972,533.947644,68.12352572519475,14.59328715880337,436.0579999189801,2.233274607700207,25.339928,2.611967,275.194653,True,0.948,0.7094941613040513,1.4670920375943848,0.14747222017595235,0.24776505233385976,1,True,0.952,0.46577689089621843,0.9847546490262058,0.09310561729944235,0.25446291838729174,2
heading,14,1.6054676125587828,False,False,0.954594,44.207972,533.947644,104.24460008205716,37.46618350849976,270.14001992210103,3.6319585198344586,25.339928,2.611967,275.194653,True,0.948,0.7700394208130844,1.7228205861085957,0.18033110004465197,0.248761156607608,1,True,0.948,0.5595504870706494,1.0325737981578413,0.1235012660050859,0.2549257158378972,1
heading,15,1.9447222901127983,False,False,0.954594,44.207972,533.947644,41.24232418905069,29.165071918013968,227.01239168914364,2.828094046151767,25.339928,2.611967,275.194653,True,1.0,1.0150060614512626,1.9828823132568003,0.25917672763098787,0.2466394836244846,1,True,0.948,0.8126936516141694,1.2315192746646062,0.20095649735199902,0.25047496593068663,1
heading,16,1.1935276021762458,False,True,0.954594,44.207972,533.947644,92.40346669070401,25.599990394163715,595.2855077864679,3.896149878464561,25.339928,2.611967,275.194653,True,0.996,0.5250711158926306,1.2029315284898323,0.07629964750042628,0.25071773881409537,1,True,0.948,0.3237396629218288,0.9770435936492907,0.04568253688852347,0.2572246007953924,1
heading,17,1.4637747925439808,False,False,0.954594,44.207972,533.947644,49.77624935533357,31.039996461849793,529.2833640854143,1.6123508536641322,25.339928,2.611967,275.194653,True,0.996,0.7027447604750784,1.497136633625786,0.16059105724689493,0.24537626227956166,1,True,0.952,0.5244938791825108,0.9815008193305444,0.11438103918077616,0.2501430949173031,1
heading,18,1.5738132030625624,False,False,0.954594,44.207972,533.947644,47.42776966622244,10.70963503902811,291.9538716265869,4.80018400017269,25.339928,2.611967,275.194653,True,0.996,0.7226695275546825,1.7297732289463503,0.13984143460713475,0.2507364811582657,1,True,0.952,0.5098268135159648,0.9879393847836582,0.08908404221087501,0.2568934802658795,1
heading,19,1.326829903983142,False,False,0.954594,44.207972,533.947644,105.2070264883344,12.587115231939116,544.3654319127011,2.884711653712325,25.339928,2.611967,275.194653,True,1.0,0.6184131667205954,1.30310502021236,0.10026196491606393,0.24945983694438456,1,True,0.952,0.3664688261979111,0.9795206592749984,0.05687617727350541,0.25644220293582753,1
heading,20,1.3245686477276906,False,False,0.954594,44.207972,533.947644,54.43442164474682,18.354074103495954,561.5464153832446,2.3631962769289423,25.339928,2.611967,275.194653,True,0.948,0.6160545101384609,1.2925284728599582,0.11018836214501102,0.24849129168126918,1,True,0.952,0.3784301388064167,0.979811764424208,0.0651870363511698,0.2553952734392528,2
heading,21,1.386539250386025,False,False,0.954594,44.207972,533.947644,95.99617872906026,10.50966434091741,402.6156603734179,4.642380092608669,25.339928,2.611967,275.194653,True,0.948,0.6127084441239956,1.516627665922087,0.10514857539281185,0.25114656318538536,1,True,0.952,0.42322637567449084,0.9807902295622682,0.06643377290115594,0.25718821237220074,1
heading,22,1.622924705738737,False,False,0.954594,44.207972,533.947644,149.67988884436434,8.772830366291334,329.7302273131788,3.2833420278676257,25.339928,2.611967,275.194653,True,0.956,0.7889615789789695,1.65630035845083,0.15122383219066038,0.2496143726679001,1,True,0.952,0.5129370514312552,1.0170732635368722,0.09468001895135879,0.25619946717124714,1
heading,23,2.1336255138756033,False,False,0.954594,44.207972,533.947644,34.25438694558569,1.8846550169893828,190.90923547820725,3.6960611459608153,25.339928,2.611967,275.194653,True,0.948,1.1049162414048281,2.040761939209899,0.2546940068712229,0.24986361628168458,1,True,0.952,0.7135209323915779,1.2945849939698064,0.1380965663333151,0.256332652442037,1
heading,24,1.3363939870355732,False,False,0.954594,44.207972,533.947644,28.258601799754427,16.88639867198736,506.43571396333385,2.8356675027728784,25.339928,2.611967,275.194653,True,0.952,0.6224362299116176,1.3227960780531938,0.10654761339456327,0.24921056668700778,1,True,0.952,0.37128020211145746,0.9799618881967423,0.060493655683083306,0.2562457112285859,1
heading,25,1.1676035461821879,False,True,0.954594,44.207972,533.947644,146.24018908977035,21.16457380396548,598.2546211080435,4.512728957820743,25.339928,2.611967,275.194653,True,1.0,0.4859106362413853,1.2476393544225677,0.07063786177630486,0.2516413513471104,1,True,0.952,0.3353901875666974,0.9765189319442269,0.0457629310069885,0.2574899474994766,1
heading,26,1000000.0,False,False,0.954594,44.207972,533.947644,108.62234797345472,28.828872774407785,155.16645987426884,3.379396156430783,25.339928,2.611967,275.194653,True,0.948,1.2022727469410037,2.169403794739979,0.29744024684284137,0.24722771391392537,1,False,,,,,,
heading,27,1.6634806071829114,False,False,0.954594,44.207972,533.947644,34.501782567463934,25.63847194319232,270.07133547864424,3.0216783773418676,25.339928,2.611967,275.194653,True,0.996,0.8226428792251046,1.7220628707003764,0.1898973925146895,0.24843329105892067,1,True,0.952,0.587994378978619,1.057339085562262,0.12906198261379387,0.25445336169740174,1
heading,28,1.7087227580621789,False,False,0.954594,44.207972,533.947644,133.86088224916523,38.15263710084321,354.1756678481429,2.4218616776288178,25.339928,2.611967,275.194653,True,0.996,0.815703324302841,1.660824612340076,0.20243755952522305,0.2450704824117036,1,True,0.952,0.5944959705386442,1.0092385747499293,0.143844216924669,0.2520434187820813,1
