x,y
-5.300000000000000000e+02,1.700000000000000000e+02
-5.229289321881345813e+02,1.770710678118654755e+02
-5.158578643762690490e+02,1.841421356237309510e+02
-5.087867965644035735e+02,1.912132034355964265e+02
-5.017157287525380980e+02,1.982842712474619020e+02
-4.946446609406726225e+02,2.053553390593273775e+02
-4.875735931288071470e+02,2.124264068711928530e+02
-4.805025253169416715e+02,2.194974746830583285e+02
-4.734314575050761960e+02,2.265685424949238040e+02
-4.663603896932107205e+02,2.336396103067892795e+02
-4.592893218813452449e+02,2.407106781186547551e+02
-4.522182540694797694e+02,2.477817459305202306e+02
-4.500000000000000000e+02,2.500000000000000000e+02
